{
	"credit": "Made by CiscuLog with Blockbench",
	"textures": {
		"0": "hats:item/n_sword",
		"particle": "hats:item/n_sword"
	},
	"elements": [
		{
			"from": [0, 0, 7.5],
			"to": [2, 3, 8.5],
			"faces": {
				"north": {"uv": [2, 13, 0, 16], "texture": "#0"},
				"east": {"uv": [0, 0, 1, 3], "texture": "#0"},
				"south": {"uv": [0, 13, 2, 16], "texture": "#0"},
				"west": {"uv": [0, 13, 1, 16], "texture": "#0"},
				"up": {"uv": [0, 13, 2, 14], "texture": "#0"},
				"down": {"uv": [0, 15, 2, 16], "texture": "#0"}
			}
		},
		{
			"from": [2, 0, 7.5],
			"to": [3, 4, 8.5],
			"faces": {
				"north": {"uv": [2, 12, 3, 16], "texture": "#0"},
				"east": {"uv": [2, 12, 3, 16], "texture": "#0"},
				"south": {"uv": [2, 12, 3, 16], "texture": "#0"},
				"west": {"uv": [2, 12, 3, 16], "texture": "#0"},
				"up": {"uv": [2, 12, 3, 13], "texture": "#0"},
				"down": {"uv": [2, 15, 3, 16], "texture": "#0"}
			}
		},
		{
			"from": [3, 2, 7.5],
			"to": [4, 5, 8.5],
			"faces": {
				"north": {"uv": [3, 11, 4, 14], "texture": "#0"},
				"east": {"uv": [3, 11, 4, 14], "texture": "#0"},
				"south": {"uv": [3, 11, 4, 14], "texture": "#0"},
				"west": {"uv": [3, 11, 4, 14], "texture": "#0"},
				"up": {"uv": [3, 11, 4, 12], "texture": "#0"},
				"down": {"uv": [3, 13, 4, 14], "texture": "#0"}
			}
		},
		{
			"from": [2, 8, 7.5],
			"to": [3, 10, 8.5],
			"faces": {
				"north": {"uv": [2, 6, 3, 8], "texture": "#0"},
				"east": {"uv": [2, 6, 3, 8], "texture": "#0"},
				"south": {"uv": [2, 6, 3, 8], "texture": "#0"},
				"west": {"uv": [2, 6, 3, 8], "texture": "#0"},
				"up": {"uv": [2, 6, 3, 7], "texture": "#0"},
				"down": {"uv": [2, 7, 3, 8], "texture": "#0"}
			}
		},
		{
			"from": [3, 6, 7.5],
			"to": [4, 10, 8.5],
			"faces": {
				"north": {"uv": [3, 6, 4, 10], "texture": "#0"},
				"east": {"uv": [3, 6, 4, 10], "texture": "#0"},
				"south": {"uv": [3, 6, 4, 10], "texture": "#0"},
				"west": {"uv": [3, 6, 4, 10], "texture": "#0"},
				"up": {"uv": [3, 6, 4, 7], "texture": "#0"},
				"down": {"uv": [3, 9, 4, 10], "texture": "#0"}
			}
		},
		{
			"from": [4, 3, 7.5],
			"to": [5, 9, 8.5],
			"faces": {
				"north": {"uv": [4, 7, 5, 13], "texture": "#0"},
				"east": {"uv": [4, 7, 5, 13], "texture": "#0"},
				"south": {"uv": [4, 7, 5, 13], "texture": "#0"},
				"west": {"uv": [4, 7, 5, 13], "texture": "#0"},
				"up": {"uv": [4, 7, 5, 8], "texture": "#0"},
				"down": {"uv": [4, 12, 5, 13], "texture": "#0"}
			}
		},
		{
			"from": [5, 4, 7.5],
			"to": [6, 8, 8.5],
			"faces": {
				"north": {"uv": [5, 8, 6, 12], "texture": "#0"},
				"east": {"uv": [5, 8, 6, 12], "texture": "#0"},
				"south": {"uv": [5, 8, 6, 12], "texture": "#0"},
				"west": {"uv": [5, 8, 6, 12], "texture": "#0"},
				"up": {"uv": [5, 8, 6, 9], "texture": "#0"},
				"down": {"uv": [5, 11, 6, 12], "texture": "#0"}
			}
		},
		{
			"from": [6, 3, 7.5],
			"to": [7, 9, 8.5],
			"faces": {
				"north": {"uv": [6, 7, 7, 13], "texture": "#0"},
				"east": {"uv": [6, 7, 7, 13], "texture": "#0"},
				"south": {"uv": [6, 7, 7, 13], "texture": "#0"},
				"west": {"uv": [6, 7, 7, 13], "texture": "#0"},
				"up": {"uv": [6, 7, 7, 8], "texture": "#0"},
				"down": {"uv": [6, 12, 7, 13], "texture": "#0"}
			}
		},
		{
			"from": [7, 3, 7.5],
			"to": [8, 10, 8.5],
			"faces": {
				"north": {"uv": [7, 6, 8, 13], "texture": "#0"},
				"east": {"uv": [7, 6, 8, 13], "texture": "#0"},
				"south": {"uv": [7, 6, 8, 13], "texture": "#0"},
				"west": {"uv": [7, 6, 8, 13], "texture": "#0"},
				"up": {"uv": [7, 6, 8, 7], "texture": "#0"},
				"down": {"uv": [7, 12, 8, 13], "texture": "#0"}
			}
		},
		{
			"from": [8, 6, 7.5],
			"to": [9, 11, 8.5],
			"faces": {
				"north": {"uv": [8, 5, 9, 10], "texture": "#0"},
				"east": {"uv": [8, 5, 9, 10], "texture": "#0"},
				"south": {"uv": [8, 5, 9, 10], "texture": "#0"},
				"west": {"uv": [8, 5, 9, 10], "texture": "#0"},
				"up": {"uv": [8, 5, 9, 6], "texture": "#0"},
				"down": {"uv": [8, 9, 9, 10], "texture": "#0"}
			}
		},
		{
			"from": [9, 7, 7.5],
			"to": [10, 12, 8.5],
			"faces": {
				"north": {"uv": [9, 4, 10, 9], "texture": "#0"},
				"east": {"uv": [9, 4, 10, 9], "texture": "#0"},
				"south": {"uv": [9, 4, 10, 9], "texture": "#0"},
				"west": {"uv": [9, 4, 10, 9], "texture": "#0"},
				"up": {"uv": [9, 4, 10, 5], "texture": "#0"},
				"down": {"uv": [9, 8, 10, 9], "texture": "#0"}
			}
		},
		{
			"from": [8, 2, 7.5],
			"to": [9, 5, 8.5],
			"faces": {
				"north": {"uv": [8, 11, 9, 14], "texture": "#0"},
				"east": {"uv": [8, 11, 9, 14], "texture": "#0"},
				"south": {"uv": [8, 11, 9, 14], "texture": "#0"},
				"west": {"uv": [8, 11, 9, 14], "texture": "#0"},
				"up": {"uv": [8, 11, 9, 12], "texture": "#0"},
				"down": {"uv": [8, 13, 9, 14], "texture": "#0"}
			}
		},
		{
			"from": [9, 2, 7.5],
			"to": [10, 4, 8.5],
			"faces": {
				"north": {"uv": [9, 12, 10, 14], "texture": "#0"},
				"east": {"uv": [9, 12, 10, 14], "texture": "#0"},
				"south": {"uv": [9, 12, 10, 14], "texture": "#0"},
				"west": {"uv": [9, 12, 10, 14], "texture": "#0"},
				"up": {"uv": [9, 12, 10, 13], "texture": "#0"},
				"down": {"uv": [9, 13, 10, 14], "texture": "#0"}
			}
		},
		{
			"from": [10, 8, 7.5],
			"to": [11, 13, 8.5],
			"faces": {
				"north": {"uv": [10, 3, 11, 8], "texture": "#0"},
				"east": {"uv": [10, 3, 11, 8], "texture": "#0"},
				"south": {"uv": [10, 3, 11, 8], "texture": "#0"},
				"west": {"uv": [10, 3, 11, 8], "texture": "#0"},
				"up": {"uv": [10, 3, 11, 4], "texture": "#0"},
				"down": {"uv": [10, 7, 11, 8], "texture": "#0"}
			}
		},
		{
			"from": [11, 9, 7.5],
			"to": [12, 14, 8.5],
			"faces": {
				"north": {"uv": [11, 2, 12, 7], "texture": "#0"},
				"east": {"uv": [11, 2, 12, 7], "texture": "#0"},
				"south": {"uv": [11, 2, 12, 7], "texture": "#0"},
				"west": {"uv": [11, 2, 12, 7], "texture": "#0"},
				"up": {"uv": [11, 2, 12, 3], "texture": "#0"},
				"down": {"uv": [11, 6, 12, 7], "texture": "#0"}
			}
		},
		{
			"from": [12, 10, 7.5],
			"to": [13, 15, 8.5],
			"faces": {
				"north": {"uv": [12, 1, 13, 6], "texture": "#0"},
				"east": {"uv": [12, 1, 13, 6], "texture": "#0"},
				"south": {"uv": [12, 1, 13, 6], "texture": "#0"},
				"west": {"uv": [12, 1, 13, 6], "texture": "#0"},
				"up": {"uv": [12, 1, 13, 2], "texture": "#0"},
				"down": {"uv": [12, 5, 13, 6], "texture": "#0"}
			}
		},
		{
			"from": [13, 11, 7.5],
			"to": [14, 16, 8.5],
			"faces": {
				"north": {"uv": [13, 0, 14, 5], "texture": "#0"},
				"east": {"uv": [13, 0, 14, 5], "texture": "#0"},
				"south": {"uv": [13, 0, 14, 5], "texture": "#0"},
				"west": {"uv": [13, 0, 14, 5], "texture": "#0"},
				"up": {"uv": [13, 0, 14, 1], "texture": "#0"},
				"down": {"uv": [13, 4, 14, 5], "texture": "#0"}
			}
		},
		{
			"from": [14, 12, 7.5],
			"to": [15, 16, 8.5],
			"faces": {
				"north": {"uv": [14, 0, 15, 4], "texture": "#0"},
				"east": {"uv": [14, 0, 15, 4], "texture": "#0"},
				"south": {"uv": [14, 0, 15, 4], "texture": "#0"},
				"west": {"uv": [14, 0, 15, 4], "texture": "#0"},
				"up": {"uv": [14, 0, 15, 1], "texture": "#0"},
				"down": {"uv": [14, 3, 15, 4], "texture": "#0"}
			}
		},
		{
			"from": [15, 13, 7.5],
			"to": [16, 16, 8.5],
			"faces": {
				"north": {"uv": [15, 0, 16, 3], "texture": "#0"},
				"east": {"uv": [15, 0, 16, 3], "texture": "#0"},
				"south": {"uv": [15, 0, 16, 3], "texture": "#0"},
				"west": {"uv": [15, 0, 16, 3], "texture": "#0"},
				"up": {"uv": [15, 0, 16, 1], "texture": "#0"},
				"down": {"uv": [15, 2, 16, 3], "texture": "#0"}
			}
		}
	],
	"gui_light": "front",
	"display": {
		"thirdperson_righthand": {
			"rotation": [65, -17, 93],
			"translation": [-5.5, 1.75, 5.25],
			"scale": [0.9, 0.9, 0.9]
		},
		"thirdperson_lefthand": {
			"rotation": [65, -17, 4],
			"translation": [-5.5, 1.75, 5.25],
			"scale": [0.9, 0.9, 0.9]
		},
		"firstperson_righthand": {
			"rotation": [0, 156, -20],
			"translation": [-3.25, 2.25, 0],
			"scale": [0.8, 0.8, 0.8]
		},
		"firstperson_lefthand": {
			"rotation": [0, -24, 20],
			"translation": [-3.25, 2.25, 0],
			"scale": [0.8, 0.8, 0.8]
		},
		"ground": {
			"rotation": [0, 0, 90],
			"translation": [0, 1, 0]
		},
		"head": {
			"translation": [0, 2.5, 0]
		},
		"fixed": {
			"rotation": [0, 0, 90],
			"translation": [0, -3.5, 5.75],
			"scale": [2, 2, 2]
		}
	}
}