{
	"credit": "Model generated using MrCrayfish's Model Creator (https://mrcrayfish.com/tools?id=mc)",
	"ambientocclusion": false,
	"textures": {
		"0": "hats:item/cascosantux",
		"particle": "hats:item/cascosantux"
	},
	"elements": [
		{
			"name": "Cube",
			"from": [4, 0, 12],
			"to": [12, 8, 12],
			"faces": {
				"north": {"uv": [0, 0, 8, 8], "texture": "#0"},
				"east": {"uv": [0, 0, 0, 8], "texture": "#0"},
				"south": {"uv": [0, 0, 8, 8], "texture": "#0"},
				"west": {"uv": [5.33333, 0, 5.33333, 8], "texture": "#0"},
				"up": {"uv": [5.33333, 0, 0, 0], "texture": "#0"},
				"down": {"uv": [10.66667, 0, 5.33333, 0], "texture": "#0"}
			}
		},
		{
			"name": "Cube",
			"from": [12, 2, 4],
			"to": [12, 8, 12],
			"faces": {
				"east": {"uv": [8, 7, 16, 13], "texture": "#0"},
				"west": {"uv": [16, 7, 8, 13], "texture": "#0"}
			}
		},
		{
			"name": "Cube",
			"from": [4, 2, 4],
			"to": [4, 8, 12],
			"faces": {
				"east": {"uv": [8, 7, 16, 13], "texture": "#0"},
				"west": {"uv": [16, 7, 8, 13], "texture": "#0"}
			}
		},
		{
			"name": "Cube",
			"from": [4, 5, 4],
			"to": [12, 8, 4],
			"faces": {
				"north": {"uv": [8, 13, 16, 16], "texture": "#0"},
				"south": {"uv": [8, 13, 16, 16], "texture": "#0"}
			}
		},
		{
			"name": "Cube",
			"from": [4, 8, 4],
			"to": [12, 8, 12],
			"faces": {
				"up": {"uv": [16, 8, 8, 0], "texture": "#0"},
				"down": {"uv": [16, 0, 8, 8], "texture": "#0"}
			}
		},
		{
			"name": "Cube",
			"from": [11, 7, 13],
			"to": [13, 9, 14],
			"faces": {
				"east": {"uv": [0, 14, 1, 16], "texture": "#0"},
				"south": {"uv": [0, 14, 2, 16], "texture": "#0"},
				"west": {"uv": [0, 14, 1, 16], "texture": "#0"},
				"down": {"uv": [2, 15, 0, 16], "texture": "#0"}
			}
		},
		{
			"name": "Cube",
			"from": [10, 6, 12],
			"to": [13, 9, 13],
			"faces": {
				"north": {"uv": [0, 15, 3, 16], "texture": "#0"},
				"east": {"uv": [0, 15, 3, 16], "texture": "#0"},
				"south": {"uv": [0, 15, 3, 16], "texture": "#0"},
				"west": {"uv": [0, 15, 3, 16], "texture": "#0"},
				"up": {"uv": [3, 16, 0, 15], "texture": "#0"},
				"down": {"uv": [3, 15, 0, 16], "texture": "#0"}
			}
		},
		{
			"name": "Cube",
			"from": [11, 9, 12],
			"to": [13, 10, 14],
			"faces": {
				"north": {"uv": [0, 13, 2, 12], "texture": "#0"},
				"east": {"uv": [0, 12, 2, 13], "texture": "#0"},
				"south": {"uv": [0, 12, 2, 13], "texture": "#0"},
				"west": {"uv": [0, 12, 2, 13], "texture": "#0"}
			}
		},
		{
			"name": "Cube",
			"from": [11, 10, 11],
			"to": [13, 11, 14],
			"faces": {
				"north": {"uv": [0, 10, 2, 11], "texture": "#0"},
				"east": {"uv": [0, 10, 3, 11], "texture": "#0"},
				"south": {"uv": [0, 10, 2, 11], "texture": "#0"},
				"west": {"uv": [0, 10, 3, 11], "texture": "#0"},
				"up": {"uv": [3.33333, 11, 0, 10], "texture": "#0"},
				"down": {"uv": [4.66667, 11, 3.33333, 14], "texture": "#0"}
			}
		},
		{
			"name": "Cube",
			"from": [10, 11, 11],
			"to": [12, 12, 13],
			"faces": {
				"north": {"uv": [0, 9, 2, 10], "texture": "#0"},
				"east": {"uv": [0, 9, 2, 10], "texture": "#0"},
				"south": {"uv": [0, 9, 2, 10], "texture": "#0"},
				"west": {"uv": [0, 9, 2, 10], "texture": "#0"},
				"up": {"uv": [2, 10, 0, 9], "texture": "#0"},
				"down": {"uv": [2.33333, 9, 0, 10], "texture": "#0"}
			}
		},
		{
			"name": "Cube",
			"from": [10, 12, 11],
			"to": [11, 13, 12],
			"faces": {
				"north": {"uv": [0, 8, 1, 9], "texture": "#0"},
				"east": {"uv": [0, 8, 1, 9], "texture": "#0"},
				"south": {"uv": [0, 8, 1, 9], "texture": "#0"},
				"west": {"uv": [0, 8, 1, 9], "texture": "#0"},
				"up": {"uv": [1, 9, 0, 8], "texture": "#0"}
			}
		},
		{
			"name": "Cube",
			"from": [3, 6, 12],
			"to": [6, 9, 13],
			"faces": {
				"north": {"uv": [0, 15, 3, 16], "texture": "#0"},
				"east": {"uv": [0, 15, 3, 16], "texture": "#0"},
				"south": {"uv": [0, 15, 3, 16], "texture": "#0"},
				"west": {"uv": [0, 15, 3, 16], "texture": "#0"},
				"up": {"uv": [3, 16, 0, 15], "texture": "#0"},
				"down": {"uv": [4.66667, 16, 2.66667, 17], "texture": "#0"}
			}
		},
		{
			"name": "Cube",
			"from": [3, 7, 13],
			"to": [5, 9, 14],
			"faces": {
				"east": {"uv": [0, 14, 1, 16], "texture": "#0"},
				"south": {"uv": [0, 14, 2, 16], "texture": "#0"},
				"west": {"uv": [0, 14, 1, 16], "texture": "#0"},
				"down": {"uv": [2, 15, 0, 16], "texture": "#0"}
			}
		},
		{
			"name": "Cube",
			"from": [3, 9, 12],
			"to": [5, 10, 14],
			"faces": {
				"north": {"uv": [0, 12, 2, 13], "texture": "#0"},
				"east": {"uv": [0, 12, 2, 13], "texture": "#0"},
				"south": {"uv": [0, 12, 2, 13], "texture": "#0"},
				"west": {"uv": [0, 12, 2, 13], "texture": "#0"}
			}
		},
		{
			"name": "Cube",
			"from": [3, 10, 11],
			"to": [5, 11, 14],
			"faces": {
				"north": {"uv": [0, 10, 2, 11], "texture": "#0"},
				"east": {"uv": [0, 10, 3, 11], "texture": "#0"},
				"south": {"uv": [0, 10, 2, 11], "texture": "#0"},
				"west": {"uv": [0, 10, 3, 11], "texture": "#0"},
				"up": {"uv": [3, 11, 0, 10], "texture": "#0"},
				"down": {"uv": [4.66667, 11, 3.33333, 14], "texture": "#0"}
			}
		},
		{
			"name": "Cube",
			"from": [4, 11, 11],
			"to": [6, 12, 13],
			"faces": {
				"north": {"uv": [0, 9, 2, 10], "texture": "#0"},
				"east": {"uv": [0, 9, 2, 10], "texture": "#0"},
				"south": {"uv": [0, 9, 2, 10], "texture": "#0"},
				"west": {"uv": [0, 9, 2, 10], "texture": "#0"},
				"up": {"uv": [2, 10, 0, 9], "texture": "#0"},
				"down": {"uv": [2, 9, 0, 10], "texture": "#0"}
			}
		},
		{
			"name": "Cube",
			"from": [5, 12, 11],
			"to": [6, 13, 12],
			"faces": {
				"north": {"uv": [0, 8, 1, 9], "texture": "#0"},
				"east": {"uv": [0, 8, 1, 9], "texture": "#0"},
				"south": {"uv": [0, 8, 1, 9], "texture": "#0"},
				"west": {"uv": [0, 8, 1, 9], "texture": "#0"},
				"up": {"uv": [1, 9, 0, 8], "texture": "#0"}
			}
		}
	],
	"display": {
		"thirdperson_righthand": {
			"rotation": [70, -145, 0],
			"translation": [0, 2, 2],
			"scale": [0.6, 0.6, 0.6]
		},
		"thirdperson_lefthand": {
			"rotation": [70, -145, 0],
			"translation": [0, 2, 2],
			"scale": [0.6, 0.6, 0.6]
		},
		"firstperson_righthand": {
			"rotation": [0, -45, 0],
			"translation": [0, 5, 0],
			"scale": [0.6, 0.6, 0.6]
		},
		"firstperson_lefthand": {
			"rotation": [0, -45, 0],
			"translation": [0, 5, 0],
			"scale": [0.6, 0.6, 0.6]
		},
		"ground": {
			"translation": [0, 3, 0],
			"scale": [0.6, 0.6, 0.6]
		},
		"gui": {
			"translation": [0, 1.75, 0],
			"scale": [1.1, 1.1, 1.1]
		},
		"head": {
			"rotation": [0, 180, 0],
			"translation": [0, 7.25, 0],
			"scale": [1.81, 1.81, 1.81]
		},
		"fixed": {
			"rotation": [-60, 180, 0],
			"translation": [0, 4, -10],
			"scale": [2, 2, 2]
		}
	}
}