{
	"credit": "Made by CiscuLog with Blockbench",
	"texture_size": [17, 16],
	"textures": {
		"2": "hats:item/espadasantux",
		"particle": "hats:item/espadasantux"
	},
	"elements": [
		{
			"from": [3.75, 5.75, 5.75],
			"to": [6.75, 10.25, 5.75],
			"rotation": {"angle": 0, "axis": "y", "origin": [8, 8, 8]},
			"faces": {
				"north": {"uv": [11.29412, 4, 15.05882, 7], "rotation": 270, "texture": "#2"},
				"east": {"uv": [0, 0, 4.23529, 0], "rotation": 90, "texture": "#2"},
				"south": {"uv": [11.29412, 4, 15.05882, 7], "rotation": 90, "texture": "#2"},
				"west": {"uv": [0, 0, 4.23529, 0], "rotation": 270, "texture": "#2"},
				"up": {"uv": [0, 0, 2.82353, 0], "texture": "#2"},
				"down": {"uv": [0, 0, 2.82353, 0], "rotation": 180, "texture": "#2"}
			}
		},
		{
			"from": [3.75, 5.75, 5.75],
			"to": [3.75, 10.25, 8.75],
			"rotation": {"angle": 0, "axis": "y", "origin": [8, 8, 8]},
			"faces": {
				"north": {"uv": [0, 0, 4.23529, 0], "rotation": 90, "texture": "#2"},
				"east": {"uv": [11.29412, 6, 15.05882, 9], "rotation": 90, "texture": "#2"},
				"south": {"uv": [0, 0, 4.23529, 0], "rotation": 270, "texture": "#2"},
				"west": {"uv": [11.29412, 6, 15.05882, 9], "rotation": 270, "texture": "#2"},
				"up": {"uv": [0, 0, 2.82353, 0], "rotation": 270, "texture": "#2"},
				"down": {"uv": [0, 0, 2.82353, 0], "rotation": 270, "texture": "#2"}
			}
		},
		{
			"from": [4, 6, 6],
			"to": [11, 10, 10],
			"rotation": {"angle": 0, "axis": "x", "origin": [8, 8, 8]},
			"faces": {
				"north": {"uv": [0, 9, 3.76471, 16], "rotation": 270, "texture": "#2"},
				"east": {"uv": [8.47059, 9, 12.23529, 13], "rotation": 90, "texture": "#2"},
				"south": {"uv": [7.52941, 9, 11.29412, 16], "rotation": 90, "texture": "#2"},
				"west": {"uv": [12.23529, 0, 16, 4], "rotation": 270, "texture": "#2"},
				"up": {"uv": [3.76471, 9, 7.52941, 16], "rotation": 90, "texture": "#2"},
				"down": {"uv": [11.29412, 9, 15.05882, 16], "rotation": 90, "texture": "#2"}
			}
		},
		{
			"from": [6, 8, 2],
			"to": [19, 8, 6],
			"rotation": {"angle": -45, "axis": "x", "origin": [10, 8, 6]},
			"faces": {
				"north": {"uv": [0, 0, 13, 0], "texture": "#2"},
				"east": {"uv": [0, 0, 4, 0], "texture": "#2"},
				"south": {"uv": [0, 0, 13, 0], "texture": "#2"},
				"west": {"uv": [0, 0, 4, 0], "texture": "#2"},
				"up": {"uv": [12.23529, 4, 0, 0], "texture": "#2"},
				"down": {"uv": [12.23529, 0, 0, 4], "texture": "#2"}
			}
		}
	],
	"gui_light": "front",
	"display": {
		"thirdperson_righthand": {
			"rotation": [0, -90, 0],
			"translation": [0, -2, 4],
			"scale": [0.99, 0.99, 0.99]
		},
		"thirdperson_lefthand": {
			"rotation": [-50, -90, 130],
			"translation": [0, -2, 4],
			"scale": [0.99, -0.99, 0.99]
		},
		"firstperson_righthand": {
			"rotation": [135, -15, 110],
			"translation": [-0.5, 0.75, 0],
			"scale": [0.8, 0.8, 0.8]
		},
		"firstperson_lefthand": {
			"rotation": [135, -15, -70],
			"translation": [-0.5, 0.75, 0],
			"scale": [0.8, -0.8, 0.8]
		},
		"ground": {
			"rotation": [0, 0, 90],
			"translation": [0, 1, 0]
		},
		"gui": {
			"rotation": [120, 0, 45],
			"translation": [-1.75, -1, 0],
			"scale": [1.15, 1.15, 1.15]
		},
		"head": {
			"translation": [0, 2.5, 0]
		},
		"fixed": {
			"rotation": [0, 0, 90],
			"translation": [0, -3.5, 5.75],
			"scale": [2, 2, 2]
		}
	},
	"groups": [
		{
			"name": "group",
			"origin": [8, 8, 8],
			"color": 0,
			"children": [0, 1, 2, 3]
		}
	]
}