{
	"credit": "Model generated using MrCrayfish's Model Creator (https://mrcrayfish.com/tools?id=mc)",
	"ambientocclusion": false,
	"texture_size": [16, 32],
	"textures": {
		"0": "hats:item/faso",
		"1": "hats:item/humo",
		"particle": "hats:item/faso"
	},
	"elements": [
		{
			"from": [9, 2.5, 12],
			"to": [9.5, 3, 14.5],
			"rotation": {"angle": 22.5, "axis": "y", "origin": [9, 3, 12]},
			"faces": {
				"north": {"uv": [10, 0, 11, 1], "texture": "#0"},
				"east": {"uv": [0, 0, 12, 1], "texture": "#0"},
				"south": {"uv": [0, 0, 1, 1], "texture": "#0"},
				"west": {"uv": [12, 1, 0, 0], "texture": "#0"},
				"up": {"uv": [1, 12, 0, 0], "texture": "#0"},
				"down": {"uv": [1, 0, 0, 12], "texture": "#0"}
			}
		},
		{
			"from": [10.25, 3, 13.25],
			"to": [10.25, 7, 15.25],
			"faces": {
				"north": {"uv": [0, 0, 0, 4], "texture": "#1"},
				"east": {"uv": [4, 0, 12, 16], "texture": "#1"},
				"south": {"uv": [0, 0, 0, 4], "texture": "#1"},
				"west": {"uv": [4, 0, 12, 16], "texture": "#1"},
				"up": {"uv": [0, 2, 0, 0], "texture": "#1"},
				"down": {"uv": [0, 0, 0, 2], "texture": "#1"}
			}
		},
		{
			"from": [9.25, 3, 14.25],
			"to": [11.25, 7, 14.25],
			"faces": {
				"north": {"uv": [4, 0, 12, 16], "texture": "#1"},
				"east": {"uv": [0, 0, 0, 4], "texture": "#1"},
				"south": {"uv": [4, 0, 12, 16], "texture": "#1"},
				"west": {"uv": [0, 0, 0, 4], "texture": "#1"},
				"up": {"uv": [0, 0, 2, 0], "texture": "#1"},
				"down": {"uv": [0, 0, 2, 0], "texture": "#1"}
			}
		}
	],
	"display": {
		"thirdperson_righthand": {
			"rotation": [70, 160, 0],
			"translation": [-0.75, -2.25, 6.5]
		},
		"thirdperson_lefthand": {
			"rotation": [70, -160, 0],
			"translation": [-0.75, -2.25, 6.5]
		},
		"firstperson_righthand": {
			"rotation": [0, 165, 0],
			"translation": [0.5, 5.5, 5.25]
		},
		"firstperson_lefthand": {
			"rotation": [0, -165, 0],
			"translation": [0.5, 5.5, 5.25]
		},
		"ground": {
			"translation": [0, 3, 0],
			"scale": [1.49, 1.5, 1.5]
		},
		"gui": {
			"rotation": [30, 45, 0],
			"translation": [-15, 14, 0],
			"scale": [3, 3, 3]
		},
		"head": {
			"rotation": [0, 180, 0],
			"translation": [1.25, 5.5, 0],
			"scale": [1.81, 1.81, 1.81]
		},
		"fixed": {
			"rotation": [-90, -113, 0],
			"translation": [18, -2, -19.25],
			"scale": [3.5, 3.5, 3.5]
		}
	}
}