{
	"credit": "Model generated using MrCrayfish's Model Creator (https://mrcrayfish.com/tools?id=mc)",
	"ambientocclusion": false,
	"texture_size": [16, 8],
	"textures": {
		"0": "hats:item/frog",
		"particle": "hats:item/frog"
	},
	"elements": [
		{
			"from": [3.5, 6.5, 10],
			"to": [4.75, 9, 12.5],
			"faces": {
				"north": {"uv": [7.25, 0, 8.5, 5], "texture": "#0"},
				"east": {"uv": [0, 0, 0.625, 0.625], "texture": "#0"},
				"south": {"uv": [8.5, 0, 7.25, 5], "texture": "#0"},
				"west": {"uv": [11, 0, 8, 6], "texture": "#0"},
				"up": {"uv": [8.5, 0, 7.25, 5], "texture": "#0"},
				"down": {"uv": [8.5, 0, 7.25, 5], "texture": "#0"}
			}
		},
		{
			"from": [3.5, 6.5, 3.5],
			"to": [4.75, 9, 6],
			"faces": {
				"north": {"uv": [7.25, 0, 8.5, 5], "texture": "#0"},
				"east": {"uv": [0, 0, 0.625, 0.625], "texture": "#0"},
				"south": {"uv": [8.5, 0, 7.25, 5], "texture": "#0"},
				"west": {"uv": [8, 0, 11, 6], "texture": "#0"},
				"up": {"uv": [8.5, 0, 7.25, 5], "texture": "#0"},
				"down": {"uv": [8.5, 0.5, 7.25, 5.5], "texture": "#0"}
			}
		},
		{
			"from": [4, 4, 4],
			"to": [12, 5, 12],
			"faces": {
				"north": {"uv": [0, 12, 8, 14], "texture": "#0"},
				"east": {"uv": [0, 12, 8, 14], "texture": "#0"},
				"south": {"uv": [0, 12, 8, 14], "texture": "#0"},
				"west": {"uv": [8, 10, 16, 12], "texture": "#0"},
				"up": {"uv": [0, 0, 2, 2], "texture": "#0"},
				"down": {"uv": [0, 0, 2, 2], "texture": "#0"}
			}
		},
		{
			"from": [4, 6, 4],
			"to": [12, 8, 12],
			"faces": {
				"north": {"uv": [0, 0, 2, 0.5], "texture": "#0"},
				"east": {"uv": [0, 0, 2, 0.5], "texture": "#0"},
				"south": {"uv": [0, 0, 2, 0.5], "texture": "#0"},
				"west": {"uv": [8, 8, 16, 12], "texture": "#0"},
				"up": {"uv": [0, 0, 2, 2], "texture": "#0"},
				"down": {"uv": [0, 0, 2, 2], "texture": "#0"}
			}
		},
		{
			"from": [4.25, 5, 4.25],
			"to": [11.75, 6, 11.75],
			"faces": {
				"north": {"uv": [8, 8, 16, 10], "texture": "#0"},
				"east": {"uv": [0, 0, 1.875, 0.25], "texture": "#0"},
				"south": {"uv": [16, 8, 8, 10], "texture": "#0"},
				"west": {"uv": [8, 6, 16, 8], "texture": "#0"},
				"up": {"uv": [0, 0, 1.875, 1.875], "texture": "#0"},
				"down": {"uv": [0, 0, 1.875, 1.875], "texture": "#0"}
			}
		}
	],
	"display": {
		"thirdperson_righthand": {
			"rotation": [70, -45, 0],
			"translation": [0, 2, 2],
			"scale": [0.6, 0.6, 0.6]
		},
		"thirdperson_lefthand": {
			"rotation": [70, 135, 0],
			"translation": [0, 2, 2],
			"scale": [0.6, 0.6, 0.6]
		},
		"firstperson_righthand": {
			"rotation": [0, 45, 0],
			"translation": [0, 4.75, 0.75],
			"scale": [0.6, 0.6, 0.6]
		},
		"firstperson_lefthand": {
			"rotation": [0, -135, 0],
			"translation": [0, 4.75, 0.75],
			"scale": [0.6, 0.6, 0.6]
		},
		"ground": {
			"translation": [0, 3, 0]
		},
		"gui": {
			"rotation": [30, 135, 0],
			"translation": [0, 1.75, 0],
			"scale": [1.1, 1.1, 1.1]
		},
		"head": {
			"rotation": [10, -90, 0],
			"translation": [0, 7.5, 1],
			"scale": [1.9, 1.9, 1.9]
		},
		"fixed": {
			"rotation": [-90, -90, 0],
			"translation": [0, 0, -8],
			"scale": [2, 2, 2]
		}
	}
}