{
	"credit": "Made with Blockbench",
	"textures": {
		"1": "hats:item/ger",
		"2": "hats:item/negro",
		"particle": "hats:item/negro"
	},
	"elements": [
		{
			"from": [3.4, 6, 7],
			"to": [4.4, 12, 8],
			"faces": {
				"north": {"uv": [0, 0, 1, 6], "texture": "#2"},
				"east": {"uv": [1, 0, 2, 6], "texture": "#2"},
				"south": {"uv": [2, 0, 3, 6], "texture": "#2"},
				"west": {"uv": [3, 0, 4, 6], "texture": "#2"},
				"up": {"uv": [2, 12, 1, 11], "texture": "#2"},
				"down": {"uv": [3, 11, 2, 12], "texture": "#2"}
			}
		},
		{
			"from": [3.75, 4.25, 7],
			"to": [8.75, 5.25, 8],
			"rotation": {"angle": -22.5, "axis": "z", "origin": [8, 6, 7]},
			"faces": {
				"north": {"uv": [1, 6, 6, 7], "texture": "#2"},
				"east": {"uv": [3, 11, 4, 12], "texture": "#2"},
				"south": {"uv": [6, 6, 11, 7], "texture": "#2"},
				"west": {"uv": [4, 11, 5, 12], "texture": "#2"},
				"up": {"uv": [12, 1, 7, 0], "texture": "#2"},
				"down": {"uv": [6, 7, 1, 8], "texture": "#2"}
			}
		},
		{
			"from": [7.25, 4.25, 7],
			"to": [12.25, 5.25, 8],
			"rotation": {"angle": 22.5, "axis": "z", "origin": [8, 6, 7]},
			"faces": {
				"north": {"uv": [7, 1, 12, 2], "texture": "#2"},
				"east": {"uv": [5, 11, 6, 12], "texture": "#2"},
				"south": {"uv": [7, 2, 12, 3], "texture": "#2"},
				"west": {"uv": [6, 11, 7, 12], "texture": "#2"},
				"up": {"uv": [12, 4, 7, 3], "texture": "#2"},
				"down": {"uv": [12, 4, 7, 5], "texture": "#2"}
			}
		},
		{
			"from": [7.25, 12.75, 7],
			"to": [12.25, 13.75, 8],
			"rotation": {"angle": -22.5, "axis": "z", "origin": [8, 12, 7]},
			"faces": {
				"north": {"uv": [7, 5, 12, 6], "texture": "#2"},
				"east": {"uv": [11, 6, 12, 7], "texture": "#2"},
				"south": {"uv": [6, 7, 11, 8], "texture": "#2"},
				"west": {"uv": [7, 11, 8, 12], "texture": "#2"},
				"up": {"uv": [6, 9, 1, 8], "texture": "#2"},
				"down": {"uv": [11, 8, 6, 9], "texture": "#2"}
			}
		},
		{
			"from": [3.75, 12.75, 7],
			"to": [8.75, 13.75, 8],
			"rotation": {"angle": 22.5, "axis": "z", "origin": [8, 12, 7]},
			"faces": {
				"north": {"uv": [1, 9, 6, 10], "texture": "#2"},
				"east": {"uv": [11, 7, 12, 8], "texture": "#2"},
				"south": {"uv": [6, 9, 11, 10], "texture": "#2"},
				"west": {"uv": [8, 11, 9, 12], "texture": "#2"},
				"up": {"uv": [6, 11, 1, 10], "texture": "#2"},
				"down": {"uv": [11, 10, 6, 11], "texture": "#2"}
			}
		},
		{
			"from": [11.6, 6, 7],
			"to": [12.6, 12, 8],
			"faces": {
				"north": {"uv": [4, 0, 5, 6], "texture": "#2"},
				"east": {"uv": [5, 0, 6, 6], "texture": "#2"},
				"south": {"uv": [0, 6, 1, 12], "texture": "#2"},
				"west": {"uv": [6, 0, 7, 6], "texture": "#2"},
				"up": {"uv": [12, 9, 11, 8], "texture": "#2"},
				"down": {"uv": [10, 11, 9, 12], "texture": "#2"}
			}
		},
		{
			"from": [4.5, 5, 7.5],
			"to": [11.5, 12.25, 7.5],
			"faces": {
				"north": {"uv": [0, 0, 16, 16], "texture": "#1"},
				"east": {"uv": [0, 0, 0, 8.25], "texture": "#1"},
				"south": {"uv": [0, 0, 16, 16], "texture": "#1"},
				"west": {"uv": [0, 0, 0, 8.25], "texture": "#1"},
				"up": {"uv": [0, 0, 8, 0], "texture": "#1"},
				"down": {"uv": [0, 0, 8, 0], "texture": "#1"}
			}
		}
	],
	"display": {
		"thirdperson_righthand": {
			"translation": [0, 3.75, 1.25],
			"scale": [0.9, 0.9, 0.9]
		},
		"thirdperson_lefthand": {
			"translation": [0, 3.75, 1.25],
			"scale": [0.9, 0.9, 0.9]
		},
		"firstperson_righthand": {
			"translation": [1, 0.75, 0],
			"scale": [0.9, 0.9, 0.9]
		},
		"firstperson_lefthand": {
			"translation": [1, 0.75, 0],
			"scale": [0.9, 0.9, 0.9]
		},
		"gui": {
			"translation": [0, -1.25, 0],
			"scale": [1.35, 1.35, 1.35]
		},
		"fixed": {
			"translation": [0, -4, -0.5],
			"scale": [4, 4, 4]
		}
	}
}