{
	"credit": "Model generated using MrCrayfish's Model Creator (https://mrcrayfish.com/tools?id=mc)",
	"ambientocclusion": false,
	"textures": {
		"particle": "hats:item/cascosantux"
	},
	"elements": [
		{
			"from": [4, 10, 4],
			"to": [5, 11, 9],
			"rotation": {"angle": 45, "axis": "y", "origin": [8, 10, 8]},
			"color": 7,
			"faces": {
				"north": {"uv": [0, 0, 1, 1], "texture": "#missing"},
				"east": {"uv": [0, 0, 5, 1], "texture": "#missing"},
				"south": {"uv": [0, 0, 1, 1], "texture": "#missing"},
				"west": {"uv": [0, 0, 5, 1], "texture": "#missing"},
				"up": {"uv": [0, 0, 1, 5], "texture": "#missing"},
				"down": {"uv": [0, 0, 1, 5], "texture": "#missing"}
			}
		},
		{
			"from": [11, 10, 4],
			"to": [12, 11, 12],
			"rotation": {"angle": 45, "axis": "y", "origin": [8, 10, 8]},
			"color": 7,
			"faces": {
				"north": {"uv": [0, 0, 1, 1], "texture": "#missing"},
				"east": {"uv": [0, 0, 8, 1], "texture": "#missing"},
				"south": {"uv": [0, 0, 1, 1], "texture": "#missing"},
				"west": {"uv": [0, 0, 8, 1], "texture": "#missing"},
				"up": {"uv": [0, 0, 1, 8], "texture": "#missing"},
				"down": {"uv": [0, 0, 1, 8], "texture": "#missing"}
			}
		},
		{
			"from": [5, 10, 4],
			"to": [11, 11, 5],
			"rotation": {"angle": 45, "axis": "y", "origin": [8, 10, 8]},
			"color": 7,
			"faces": {
				"north": {"uv": [0, 0, 6, 1], "texture": "#missing"},
				"east": {"uv": [0, 0, 1, 1], "texture": "#missing"},
				"south": {"uv": [0, 0, 6, 1], "texture": "#missing"},
				"west": {"uv": [0, 0, 1, 1], "texture": "#missing"},
				"up": {"uv": [0, 0, 1, 6], "rotation": 270, "texture": "#missing"},
				"down": {"uv": [0, 0, 1, 6], "rotation": 90, "texture": "#missing"}
			}
		},
		{
			"from": [7, 10, 11],
			"to": [11, 11, 12],
			"rotation": {"angle": 45, "axis": "y", "origin": [8, 10, 8]},
			"color": 7,
			"faces": {
				"north": {"uv": [0, 0, 4, 1], "texture": "#missing"},
				"east": {"uv": [0, 0, 1, 1], "texture": "#missing"},
				"south": {"uv": [0, 0, 4, 1], "texture": "#missing"},
				"west": {"uv": [0, 0, 1, 1], "texture": "#missing"},
				"up": {"uv": [0, 0, 1, 4], "rotation": 270, "texture": "#missing"},
				"down": {"uv": [0, 0, 1, 4], "rotation": 90, "texture": "#missing"}
			}
		}
	],
	"display": {
		"thirdperson_righthand": {
			"rotation": [70, -145, 0],
			"translation": [0, 2, -0.25],
			"scale": [0.6, 0.6, 0.6]
		},
		"thirdperson_lefthand": {
			"rotation": [70, -145, 0],
			"translation": [0, 2, -0.25],
			"scale": [0.6, 0.6, 0.6]
		},
		"firstperson_righthand": {
			"rotation": [40, -50, 30],
			"translation": [0, 2.5, 0],
			"scale": [0.6, 0.6, 0.6]
		},
		"firstperson_lefthand": {
			"rotation": [40, -50, 30],
			"translation": [0, 2.5, 0],
			"scale": [0.6, 0.6, 0.6]
		},
		"ground": {
			"translation": [0, -1.5, 0],
			"scale": [0.75, 0.75, 0.75]
		},
		"gui": {
			"rotation": [45, 0, 0],
			"translation": [0, -2.75, 0],
			"scale": [1.2, 1.2, 1.2]
		},
		"head": {
			"rotation": [-10, 180, 0],
			"translation": [0, 4.75, -0.75],
			"scale": [1.5, 1.7, 1.7]
		},
		"fixed": {
			"rotation": [-90, 180, 0],
			"translation": [0, -1.75, 4],
			"scale": [2, 2, 2]
		}
	},
	"groups": [
		{
			"name": "group",
			"origin": [7, 10, 12],
			"color": 0,
			"children": [0, 1, 2, 3]
		}
	]
}