{
	"credit": "Model generated using MrCrayfish's Model Creator (https://mrcrayfish.com/tools?id=mc)",
	"ambientocclusion": false,
	"texture_size": [18, 10],
	"textures": {
		"0": "hats:item/law",
		"particle": "hats:item/law"
	},
	"elements": [
		{
			"from": [3.5, 6, 3.5],
			"to": [12.5, 10, 12.5],
			"faces": {
				"north": {"uv": [8, 4.8, 16, 11.2], "texture": "#0"},
				"east": {"uv": [16, 9.6, 8, 16], "texture": "#0"},
				"south": {"uv": [8, 0, 16, 6.4], "texture": "#0"},
				"west": {"uv": [8, 11.2, 16, 4.8], "texture": "#0"},
				"up": {"uv": [8, 14.4, 0, 0], "texture": "#0"},
				"down": {"uv": [8, 0, 0, 14.4], "texture": "#0"}
			}
		},
		{
			"from": [4.75, 5.5, 12.5],
			"to": [8.75, 6.5, 15.5],
			"rotation": {"angle": 22.5, "axis": "z", "origin": [4.5, 5.5, 14]},
			"faces": {
				"north": {"uv": [0, 0, 3.55556, 1.6], "texture": "#0"},
				"east": {"uv": [0, 0, 2.66667, 1.6], "texture": "#0"},
				"south": {"uv": [0, 0, 3.55556, 1.6], "texture": "#0"},
				"west": {"uv": [0, 0, 2.66667, 1.6], "texture": "#0"},
				"up": {"uv": [3.55556, 4.8, 0, 0], "texture": "#0"},
				"down": {"uv": [3.55556, 0, 0, 4.8], "texture": "#0"}
			}
		},
		{
			"from": [7.25, 5.5, 12.5],
			"to": [11.25, 6.5, 15.5],
			"rotation": {"angle": -22.5, "axis": "z", "origin": [11.5, 5.5, 14]},
			"faces": {
				"north": {"uv": [0, 0, 3.55556, 1.6], "texture": "#0"},
				"east": {"uv": [0, 0, 2.66667, 1.6], "texture": "#0"},
				"south": {"uv": [0, 0, 3.55556, 1.6], "texture": "#0"},
				"west": {"uv": [0, 0, 2.66667, 1.6], "texture": "#0"},
				"up": {"uv": [3.55556, 4.8, 0, 0], "texture": "#0"},
				"down": {"uv": [3.55556, 0, 0, 4.8], "texture": "#0"}
			}
		}
	],
	"display": {
		"thirdperson_righthand": {
			"rotation": [70, -145, 0],
			"translation": [0, 2, 2],
			"scale": [0.6, 0.6, 0.6]
		},
		"thirdperson_lefthand": {
			"rotation": [70, -145, 0],
			"translation": [0, 2, 2],
			"scale": [0.6, 0.6, 0.6]
		},
		"firstperson_righthand": {
			"rotation": [0, -45, 0],
			"translation": [0, 5, 0],
			"scale": [0.6, 0.6, 0.6]
		},
		"firstperson_lefthand": {
			"rotation": [0, -45, 0],
			"translation": [0, 5, 0],
			"scale": [0.6, 0.6, 0.6]
		},
		"ground": {
			"translation": [0, 3, 0],
			"scale": [0.6, 0.6, 0.6]
		},
		"gui": {
			"rotation": [30, 45, 0],
			"translation": [-0.75, 0.5, 0]
		},
		"head": {
			"rotation": [0, 180, 0],
			"translation": [0, 4.75, 0],
			"scale": [1.81, 1.81, 1.81]
		},
		"fixed": {
			"rotation": [-90, 180, 0],
			"translation": [0, 2.25, -3.5],
			"scale": [1.75, 1.75, 1.75]
		}
	}
}