{
	"credit": "Model generated using MrCrayfish's Model Creator (https://mrcrayfish.com/tools?id=mc)",
	"ambientocclusion": false,
	"textures": {
		"2": "hats:item/mugiwara_1",
		"3": "hats:item/mugiwara_0"
	},
	"elements": [
		{
			"name": "Cube",
			"from": [4, 6, 12],
			"to": [12, 9, 12],
			"faces": {
				"north": {"uv": [0, 0, 8, 8], "texture": "#3"},
				"east": {"uv": [0, 0, 0, 8], "texture": "#3"},
				"south": {"uv": [0, 1, 8, 4], "texture": "#3"},
				"west": {"uv": [5.33333, 0, 5.33333, 8], "texture": "#3"},
				"up": {"uv": [5.33333, 0, 0, 0], "texture": "#3"},
				"down": {"uv": [10.66667, 0, 5.33333, 0], "texture": "#3"}
			}
		},
		{
			"name": "Cube",
			"from": [12, 6, 4],
			"to": [12, 9, 12],
			"faces": {
				"east": {"uv": [6, 1, 14, 4], "texture": "#3"},
				"west": {"uv": [16, 7, 8, 13], "texture": "#3"}
			}
		},
		{
			"name": "Cube",
			"from": [4, 6, 4],
			"to": [4, 9, 12],
			"faces": {
				"east": {"uv": [8, 7, 16, 13], "texture": "#3"},
				"west": {"uv": [8, 9, 0, 12], "texture": "#3"}
			}
		},
		{
			"name": "Cube",
			"from": [5, 9, 5],
			"to": [5, 10, 11],
			"faces": {
				"east": {"uv": [8, 7, 16, 13], "texture": "#3"},
				"west": {"uv": [14, 7, 8, 8], "texture": "#3"}
			}
		},
		{
			"name": "Cube",
			"from": [11, 9, 5],
			"to": [11, 10, 11],
			"rotation": {"angle": 0, "axis": "z", "origin": [11, 9, 8]},
			"faces": {
				"east": {"uv": [8, 7, 14, 8], "texture": "#3"},
				"west": {"uv": [14, 7, 8, 8], "texture": "#3"}
			}
		},
		{
			"name": "Cube",
			"from": [4, 6, 4],
			"to": [12, 9, 4],
			"faces": {
				"north": {"uv": [0, 9, 8, 12], "texture": "#3"},
				"south": {"uv": [8, 13, 16, 16], "texture": "#3"}
			}
		},
		{
			"name": "Cube",
			"from": [5, 9, 5],
			"to": [11, 10, 5],
			"faces": {
				"north": {"uv": [8, 13, 14, 14], "texture": "#3"},
				"south": {"uv": [8, 13, 14, 14], "texture": "#3"}
			}
		},
		{
			"name": "Cube",
			"from": [5, 9, 11],
			"to": [11, 10, 11],
			"faces": {
				"north": {"uv": [8, 13, 14, 14], "texture": "#3"},
				"south": {"uv": [8, 13, 14, 14], "texture": "#3"}
			}
		},
		{
			"name": "Cube",
			"from": [6, 10, 10],
			"to": [10, 10.5, 10],
			"faces": {
				"north": {"uv": [8, 13, 14, 14], "texture": "#3"},
				"south": {"uv": [8, 13, 12, 13.5], "texture": "#3"}
			}
		},
		{
			"name": "Cube",
			"from": [6, 10, 6],
			"to": [10, 10.5, 6],
			"faces": {
				"north": {"uv": [8, 13, 12, 13.5], "texture": "#3"},
				"south": {"uv": [8, 13, 12, 13.5], "texture": "#3"}
			}
		},
		{
			"name": "Cube",
			"from": [10, 10, 6],
			"to": [10, 10.5, 10],
			"faces": {
				"east": {"uv": [8, 13, 12, 13.5], "texture": "#3"},
				"west": {"uv": [8, 13, 12, 13.5], "texture": "#3"}
			}
		},
		{
			"name": "Cube",
			"from": [6, 10, 6],
			"to": [6, 10.5, 10],
			"faces": {
				"east": {"uv": [8, 13, 14, 14], "texture": "#3"},
				"west": {"uv": [8, 13, 12, 13.5], "texture": "#3"}
			}
		},
		{
			"name": "Cube",
			"from": [4, 9, 4],
			"to": [12, 9, 12],
			"faces": {
				"up": {"uv": [11, 11, 3, 3], "texture": "#2"},
				"down": {"uv": [16, 0, 8, 8], "texture": "#2"}
			}
		},
		{
			"name": "Cube",
			"from": [5, 10, 5],
			"to": [11, 10, 11],
			"faces": {
				"up": {"uv": [10, 10, 4, 4], "texture": "#3"},
				"down": {"uv": [16, 0, 8, 8], "texture": "#3"}
			}
		},
		{
			"name": "Cube",
			"from": [6, 10.5, 6],
			"to": [10, 10.5, 10],
			"faces": {
				"up": {"uv": [10, 8, 6, 4], "texture": "#3"},
				"down": {"uv": [16, 0, 8, 8], "texture": "#3"}
			}
		},
		{
			"name": "Cube",
			"from": [0, 6, 0],
			"to": [16, 6, 16],
			"faces": {
				"up": {"uv": [16, 16, 0, 0], "texture": "#2"},
				"down": {"uv": [16, 0, 0, 16], "texture": "#2"}
			}
		}
	],
	"display": {
		"thirdperson_righthand": {
			"rotation": [25, -125, 0],
			"translation": [0, 0.75, -4],
			"scale": [0.7, 0.7, 0.7]
		},
		"thirdperson_lefthand": {
			"rotation": [157, 0, 0],
			"translation": [-6, -7, 7.75],
			"scale": [0.7, 0.7, 0.7]
		},
		"firstperson_righthand": {
			"rotation": [0, -45, 0],
			"translation": [0, 4.25, 1],
			"scale": [0.6, 0.6, 0.6]
		},
		"firstperson_lefthand": {
			"rotation": [0, -45, 0],
			"translation": [0, 4.25, 1],
			"scale": [0.6, 0.6, 0.6]
		},
		"ground": {
			"translation": [0, 3, 0],
			"scale": [0.6, 0.6, 0.6]
		},
		"gui": {
			"rotation": [30, 45, 0],
			"scale": [0.85, 0.85, 0.85]
		},
		"head": {
			"rotation": [10, 180, 0],
			"translation": [0, 5.5, 0.25],
			"scale": [1.95, 1.95, 1.95]
		},
		"fixed": {
			"rotation": [-90, 0, 0],
			"translation": [0, 0, -4.25],
			"scale": [2, 2, 2]
		}
	}
}