{
	"credit": "Model generated using MrCrayfish's Model Creator (https://mrcrayfish.com/tools?id=mc)",
	"ambientocclusion": false,
	"texture_size": [18, 3],
	"textures": {
		"2": "hats:item/awolfus"
	},
	"elements": [
		{
			"from": [6.5, 0.75, 12],
			"to": [9.5, 3.75, 15],
			"faces": {
				"north": {"uv": [0, 0, 2, 2], "texture": "#2"},
				"east": {"uv": [8, 0, 10.66667, 16], "texture": "#2"},
				"south": {"uv": [5.33333, 0, 8, 16], "texture": "#2"},
				"west": {"uv": [8, 0, 10.66667, 16], "texture": "#2"},
				"up": {"uv": [10.66667, 0, 13.33333, 16], "texture": "#2"},
				"down": {"uv": [13.33333, 0, 16, 16], "texture": "#2"}
			}
		},
		{
			"from": [3.5, 8, 11],
			"to": [6.5, 11, 11],
			"rotation": {"angle": 0, "axis": "z", "origin": [5, 7.5, 11]},
			"faces": {
				"north": {"uv": [2.63889, 0, 5.30556, 16], "texture": "#2"},
				"east": {"uv": [0, 0, 0, 3], "texture": "#2"},
				"south": {"uv": [0, 0, 2.66667, 16], "texture": "#2"},
				"west": {"uv": [0, 0, 0, 3], "texture": "#2"},
				"up": {"uv": [0, 0, 3, 0], "texture": "#2"},
				"down": {"uv": [0, 0, 3, 0], "texture": "#2"}
			}
		},
		{
			"from": [9.5, 7.5, 11],
			"to": [12.5, 10.5, 11],
			"rotation": {"angle": -22.5, "axis": "z", "origin": [11, 7.5, 11]},
			"faces": {
				"north": {"uv": [2.66667, 0, 5.33333, 16], "texture": "#2"},
				"east": {"uv": [0, 0, 0, 3], "texture": "#2"},
				"south": {"uv": [2.66667, 0, 0, 16], "texture": "#2"},
				"west": {"uv": [0, 0, 0, 3], "texture": "#2"},
				"up": {"uv": [2, 0, 0, 0], "texture": "#2"},
				"down": {"uv": [2, 0, 0, 0], "texture": "#2"}
			}
		}
	],
	"display": {
		"thirdperson_righthand": {
			"rotation": [70, -145, 0],
			"translation": [0, 2, 2],
			"scale": [0.6, 0.6, 0.6]
		},
		"thirdperson_lefthand": {
			"rotation": [70, -145, 0],
			"translation": [0, 2, 2],
			"scale": [0.6, 0.6, 0.6]
		},
		"firstperson_righthand": {
			"rotation": [0, -45, 0],
			"translation": [0, 5, 0],
			"scale": [0.6, 0.6, 0.6]
		},
		"firstperson_lefthand": {
			"rotation": [0, -45, 0],
			"translation": [0, 5, 0],
			"scale": [0.6, 0.6, 0.6]
		},
		"ground": {
			"translation": [0, 3, 0],
			"scale": [0.6, 0.6, 0.6]
		},
		"gui": {
			"translation": [0, 1.75, 0],
			"scale": [1.1, 1.1, 1.1]
		},
		"head": {
			"rotation": [0, 180, 0],
			"translation": [0, 6.25, 0],
			"scale": [1.6, 1.6, 1.6]
		},
		"fixed": {
			"rotation": [0, 180, 0],
			"translation": [0, 4, 4.5],
			"scale": [1.75, 1.75, 1.75]
		}
	}
}