{
	"credit": "Made with Blockbench",
	"textures": {
		"0": "hats:item/pupi",
		"particle": "hats:item/pupi"
	},
	"elements": [
		{
			"from": [-16, -16, 8],
			"to": [32, 32, 8],
			"faces": {
				"north": {"uv": [0, 0, 16, 16], "texture": "#0"},
				"east": {"uv": [0, 0, 0, 16], "texture": "#0"},
				"south": {"uv": [0, 0, 16, 16], "texture": "#0"},
				"west": {"uv": [0, 0, 0, 16], "texture": "#0"},
				"up": {"uv": [0, 0, 16, 0], "texture": "#0"},
				"down": {"uv": [0, 0, 16, 0], "texture": "#0"}
			}
		},
		{
			"from": [-16, -16, 7.5],
			"to": [-15, 32, 8],
			"faces": {
				"north": {"uv": [0, 0, 0.25, 16], "texture": "#0"},
				"east": {"uv": [0, 0, 0.25, 16], "texture": "#0"},
				"south": {"uv": [0, 0, 1, 16], "texture": "#0"},
				"west": {"uv": [0, 0, 0.25, 16], "texture": "#0"},
				"up": {"uv": [0, 0, 1, 0.25], "texture": "#0"},
				"down": {"uv": [0, 0, 1, 0.25], "texture": "#0"}
			}
		},
		{
			"from": [31, -16, 7.5],
			"to": [32, 32, 8],
			"faces": {
				"north": {"uv": [0, 0, 0.25, 16], "texture": "#0"},
				"east": {"uv": [0, 0, 0.25, 16], "texture": "#0"},
				"south": {"uv": [0, 0, 1, 16], "texture": "#0"},
				"west": {"uv": [0, 0, 0.25, 16], "texture": "#0"},
				"up": {"uv": [0, 0, 1, 0.25], "texture": "#0"},
				"down": {"uv": [0, 0, 1, 0.25], "texture": "#0"}
			}
		},
		{
			"from": [-15, 31, 7.5],
			"to": [31, 32, 8],
			"faces": {
				"north": {"uv": [0, 0, 16, 0.25], "texture": "#0"},
				"east": {"uv": [0, 0, 0.5, 1], "texture": "#0"},
				"south": {"uv": [0, 0, 16, 1], "texture": "#0"},
				"west": {"uv": [0, 0, 0.5, 1], "texture": "#0"},
				"up": {"uv": [0, 0, 16, 0.25], "texture": "#0"},
				"down": {"uv": [0, 0, 16, 0.25], "texture": "#0"}
			}
		},
		{
			"from": [-15, -16, 7.5],
			"to": [31, -15, 8],
			"faces": {
				"north": {"uv": [0, 0, 16, 0.25], "texture": "#0"},
				"east": {"uv": [0, 0, 0.5, 1], "texture": "#0"},
				"south": {"uv": [0, 0, 16, 1], "texture": "#0"},
				"west": {"uv": [0, 0, 0.5, 1], "texture": "#0"},
				"up": {"uv": [0, 0, 16, 0.25], "texture": "#0"},
				"down": {"uv": [0, 0, 16, 0.25], "texture": "#0"}
			}
		}
	],
	"display": {
		"thirdperson_righthand": {
			"translation": [0, 3.75, 1],
			"scale": [0.15, 0.15, 0.15]
		},
		"thirdperson_lefthand": {
			"translation": [0, 3.75, 1],
			"scale": [0.15, 0.15, 0.15]
		},
		"firstperson_righthand": {
			"translation": [2.75, 3.25, 0],
			"scale": [0.15, 0.15, 0.15]
		},
		"firstperson_lefthand": {
			"translation": [2.75, 3.25, 0],
			"scale": [0.15, 0.15, 0.15]
		},
		"ground": {
			"scale": [0.2, 0.2, 0.2]
		},
		"gui": {
			"scale": [0.3, 0.3, 0.3]
		},
		"head": {
			"translation": [0, 15, 0],
			"scale": [0.3, 0.3, 0.3]
		},
		"fixed": {
			"translation": [0, 0, -0.25],
			"scale": [2, 2, 2]
		}
	}
}