{
	"credit": "Made with Blockbench",
	"texture_size": [32, 32],
	"textures": {
		"0": "hats:item/yutasword",
		"particle": "hats:item/yutasword"
	},
	"elements": [
		{
			"from": [8, 5, 7.5],
			"to": [8, 27, 9],
			"faces": {
				"north": {"uv": [0, 0, 0, 11], "texture": "#0"},
				"east": {"uv": [1.6, 0.2, 0.6, 10.95], "texture": "#0"},
				"south": {"uv": [0, 0, 0, 11], "texture": "#0"},
				"west": {"uv": [0.6, 0.2, 1.6, 10.95], "texture": "#0"},
				"up": {"uv": [0, 1, 0, 0], "texture": "#0"},
				"down": {"uv": [0, 0, 0, 1], "texture": "#0"}
			}
		},
		{
			"from": [8, 26.39, 7.9],
			"to": [8, 26.63, 9.4],
			"rotation": {"angle": -22.5, "axis": "x", "origin": [8, 25.5, 8.25]},
			"faces": {
				"north": {"uv": [0, 0, 0, 0.5], "texture": "#0"},
				"east": {"uv": [0.25, 0.5, 1, 1], "texture": "#0"},
				"south": {"uv": [0, 0, 0, 0.5], "texture": "#0"},
				"west": {"uv": [1, 0.5, 0.25, 1], "texture": "#0"},
				"up": {"uv": [0, 1, 0, 0], "texture": "#0"},
				"down": {"uv": [0, 0, 0, 1], "texture": "#0"}
			}
		},
		{
			"from": [8, 26.09, 8.4],
			"to": [8, 26.4, 9.27],
			"rotation": {"angle": -22.5, "axis": "x", "origin": [8, 25.5, 8.25]},
			"faces": {
				"north": {"uv": [0, 0, 0, 0.5], "texture": "#0"},
				"east": {"uv": [1.5, 0.5, 2, 1], "texture": "#0"},
				"south": {"uv": [0, 0, 0, 0.5], "texture": "#0"},
				"west": {"uv": [1, 0.5, 2, 1], "texture": "#0"},
				"up": {"uv": [0, 1, 0, 0], "texture": "#0"},
				"down": {"uv": [0, 0, 0, 1], "texture": "#0"}
			}
		},
		{
			"from": [7, 4.5, 6.75],
			"to": [9, 5, 9.75],
			"faces": {
				"north": {"uv": [0, 14.5, 3.5, 15], "texture": "#0"},
				"east": {"uv": [3, 11, 3.5, 15], "rotation": 90, "texture": "#0"},
				"south": {"uv": [0, 14.5, 3.5, 15], "texture": "#0"},
				"west": {"uv": [0, 15, 0.5, 11], "rotation": 90, "texture": "#0"},
				"up": {"uv": [3.5, 15, 0, 11], "texture": "#0"},
				"down": {"uv": [3.5, 11, 0, 15], "texture": "#0"}
			}
		},
		{
			"from": [7.75, 0, 7.5],
			"to": [8.25, 4.5, 9],
			"faces": {
				"north": {"uv": [3, 0, 3.5, 7], "texture": "#0"},
				"east": {"uv": [2, 0, 3.5, 7], "texture": "#0"},
				"south": {"uv": [2, 0, 2.5, 7], "texture": "#0"},
				"west": {"uv": [3.5, 0, 2, 7], "texture": "#0"},
				"up": {"uv": [3.5, 5, 3, 4], "texture": "#0"},
				"down": {"uv": [2, 7, 3.5, 6.5], "rotation": 90, "texture": "#0"}
			}
		}
	],
	"display": {
		"thirdperson_righthand": {
			"translation": [0, 3.75, 1.5]
		},
		"thirdperson_lefthand": {
			"rotation": [180, 180, 0],
			"translation": [-1.5, -5.25, 0]
		},
		"firstperson_righthand": {
			"translation": [2.75, 3.75, 0],
			"scale": [0.6, 0.6, 0.6]
		},
		"firstperson_lefthand": {
			"translation": [2.75, 3.75, 0],
			"scale": [0.6, 0.6, 0.6]
		},
		"ground": {
			"translation": [0, 2, 0],
			"scale": [0.6, 0.6, 0.6]
		},
		"gui": {
			"rotation": [-30, 45, 45],
			"translation": [0.75, -3, 0],
			"scale": [0.65, 0.65, 0.65]
		},
		"head": {
			"rotation": [100, 146, 100],
			"translation": [-14, 8.25, 4.75],
			"scale": [2, 2, 2]
		},
		"fixed": {
			"translation": [0, -11, -21],
			"scale": [2.7, 2.7, 2.7]
		}
	}
}